seed,dataset_size,train_size,test_size,model,horizon_days,forecast_origins,mae,rmse,mape_percent,n_observations,mape_n_observations
20261008,730,670,60,naive_previous_week,7,54,7.550225316146032,9.127866704653293,6.617440634937623,378,378
20261008,730,670,60,holt_winters_weekly,7,54,5.926243119477034,7.34143430396381,5.218837772174475,378,378
20261008,730,670,60,seasonal_linear_regression,7,54,4.577609340189522,5.806858794825753,4.137792927374596,378,378
20261008,730,670,60,naive_previous_week,14,47,7.894754017441034,9.408776631644967,6.893901945114936,658,658
20261008,730,670,60,holt_winters_weekly,14,47,6.824505568996189,8.419319988957943,5.977827000513612,658,658
20261008,730,670,60,seasonal_linear_regression,14,47,4.706569579268855,5.93148535071974,4.254199250496741,658,658
20261008,730,670,60,naive_previous_week,30,31,8.942580244194195,10.749839914660607,7.7318950099460855,930,930
20261008,730,670,60,holt_winters_weekly,30,31,7.674679866239707,9.70041542318399,6.739075817808097,930,930
20261008,730,670,60,seasonal_linear_regression,30,31,4.789631327626698,6.043834901661124,4.32302323177562,930,930
20261008,730,670,60,naive_previous_week,60,1,12.753030507563334,15.023389433824354,10.927764673411957,60,60
20261008,730,670,60,holt_winters_weekly,60,1,16.5457729399259,19.675936869595137,13.963287460059881,60,60
20261008,730,670,60,seasonal_linear_regression,60,1,4.545576083993149,5.741068344387386,4.107552816432556,60,60
