date,demand,data_type
2024-01-01,99.9484285605,synthetic
2024-01-02,107.8060523495,synthetic
2024-01-03,129.8618477441,synthetic
2024-01-04,108.5429366395,synthetic
2024-01-05,93.9076218346,synthetic
2024-01-06,91.2684710912,synthetic
2024-01-07,97.7252559657,synthetic
2024-01-08,106.3081400973,synthetic
2024-01-09,124.3182488225,synthetic
2024-01-10,123.8007629075,synthetic
2024-01-11,116.6215318907,synthetic
2024-01-12,98.3482832062,synthetic
2024-01-13,87.8106204445,synthetic
2024-01-14,86.1921195369,synthetic
2024-01-15,108.1119942978,synthetic
2024-01-16,117.9392611800,synthetic
2024-01-17,120.8964725210,synthetic
2024-01-18,119.0375849942,synthetic
2024-01-19,102.1900106139,synthetic
2024-01-20,92.6779807628,synthetic
2024-01-21,102.6559154609,synthetic
2024-01-22,101.9831009911,synthetic
2024-01-23,130.0618937024,synthetic
2024-01-24,122.8788917157,synthetic
2024-01-25,115.4517814852,synthetic
2024-01-26,107.9990467440,synthetic
2024-01-27,101.9802912240,synthetic
2024-01-28,99.6983307268,synthetic
2024-01-29,117.1404470267,synthetic
2024-01-30,135.5599586064,synthetic
2024-01-31,129.7204364711,synthetic
2024-02-01,124.7155345213,synthetic
2024-02-02,96.4757125333,synthetic
2024-02-03,97.5900847572,synthetic
2024-02-04,101.4001621185,synthetic
2024-02-05,118.6056538557,synthetic
2024-02-06,132.9231870455,synthetic
2024-02-07,135.3813854742,synthetic
2024-02-08,117.1531809995,synthetic
2024-02-09,110.0554443737,synthetic
2024-02-10,99.2829058461,synthetic
2024-02-11,107.4900529936,synthetic
2024-02-12,112.9220687708,synthetic
2024-02-13,137.2114896028,synthetic
2024-02-14,143.3236526082,synthetic
2024-02-15,130.4086732852,synthetic
2024-02-16,111.9195934144,synthetic
2024-02-17,106.9129570753,synthetic
2024-02-18,108.1838162671,synthetic
2024-02-19,117.8458916797,synthetic
2024-02-20,143.6939020739,synthetic
2024-02-21,137.0355306810,synthetic
2024-02-22,127.4016771715,synthetic
2024-02-23,105.5848081079,synthetic
2024-02-24,108.5489993808,synthetic
2024-02-25,106.3205569913,synthetic
2024-02-26,118.1437568822,synthetic
2024-02-27,143.5808121147,synthetic
2024-02-28,137.9963849378,synthetic
2024-02-29,129.6779110490,synthetic
2024-03-01,118.6795522500,synthetic
2024-03-02,123.7939677301,synthetic
2024-03-03,114.8648100136,synthetic
2024-03-04,134.7427914919,synthetic
2024-03-05,145.2705044357,synthetic
2024-03-06,142.5951050155,synthetic
2024-03-07,128.0147242986,synthetic
2024-03-08,125.6926516255,synthetic
2024-03-09,107.7752789405,synthetic
2024-03-10,104.6888234224,synthetic
2024-03-11,123.3200726874,synthetic
2024-03-12,141.4886654265,synthetic
2024-03-13,142.3142106404,synthetic
2024-03-14,132.9074791557,synthetic
2024-03-15,120.4061690557,synthetic
2024-03-16,117.0181989782,synthetic
2024-03-17,110.9459915562,synthetic
2024-03-18,132.9887561684,synthetic
2024-03-19,147.1381215843,synthetic
2024-03-20,143.5763005380,synthetic
2024-03-21,140.7814441625,synthetic
2024-03-22,115.2158000601,synthetic
2024-03-23,107.9487764683,synthetic
2024-03-24,111.8610379097,synthetic
2024-03-25,131.6047991459,synthetic
2024-03-26,136.0955691922,synthetic
2024-03-27,150.7318811613,synthetic
2024-03-28,135.4378081025,synthetic
2024-03-29,124.1015907541,synthetic
2024-03-30,114.8474473066,synthetic
2024-03-31,111.7942028853,synthetic
2024-04-01,132.7241555708,synthetic
2024-04-02,140.7299587651,synthetic
2024-04-03,145.7908353515,synthetic
2024-04-04,138.9511680682,synthetic
2024-04-05,120.5539247553,synthetic
2024-04-06,111.4018867314,synthetic
2024-04-07,114.7264301097,synthetic
2024-04-08,137.1192661731,synthetic
2024-04-09,137.2704500275,synthetic
2024-04-10,149.2944368285,synthetic
2024-04-11,136.0338880418,synthetic
2024-04-12,123.2521969232,synthetic
2024-04-13,117.9945072019,synthetic
2024-04-14,116.5269220532,synthetic
2024-04-15,131.2979431700,synthetic
2024-04-16,142.6544205735,synthetic
2024-04-17,148.1158931310,synthetic
2024-04-18,136.9862220744,synthetic
2024-04-19,117.5084089925,synthetic
2024-04-20,104.2095913989,synthetic
2024-04-21,110.3329643454,synthetic
2024-04-22,131.2809915729,synthetic
2024-04-23,153.4161327106,synthetic
2024-04-24,153.4236370428,synthetic
2024-04-25,137.3730321023,synthetic
2024-04-26,123.2551707735,synthetic
2024-04-27,116.4742000910,synthetic
2024-04-28,107.4237668152,synthetic
2024-04-29,122.7708140272,synthetic
2024-04-30,140.1544211097,synthetic
2024-05-01,133.9572619395,synthetic
2024-05-02,130.5476281288,synthetic
2024-05-03,109.8761640902,synthetic
2024-05-04,122.0161054942,synthetic
2024-05-05,116.2053809256,synthetic
2024-05-06,130.6720421165,synthetic
2024-05-07,148.6398472145,synthetic
2024-05-08,144.3134646303,synthetic
2024-05-09,129.5176402865,synthetic
2024-05-10,110.7057659903,synthetic
2024-05-11,114.7945954093,synthetic
2024-05-12,108.6972017458,synthetic
2024-05-13,130.3279094503,synthetic
2024-05-14,136.5588131037,synthetic
2024-05-15,143.0341799580,synthetic
2024-05-16,127.0036058638,synthetic
2024-05-17,119.0169158985,synthetic
2024-05-18,113.2378518738,synthetic
2024-05-19,109.2495805280,synthetic
2024-05-20,120.6643019095,synthetic
2024-05-21,134.4691855314,synthetic
2024-05-22,144.5547799216,synthetic
2024-05-23,131.5280492569,synthetic
2024-05-24,114.0365280058,synthetic
2024-05-25,97.7166874406,synthetic
2024-05-26,105.1721109216,synthetic
2024-05-27,121.2641289582,synthetic
2024-05-28,138.7205173362,synthetic
2024-05-29,142.0790552302,synthetic
2024-05-30,130.1913988545,synthetic
2024-05-31,112.5291951443,synthetic
2024-06-01,97.1941164366,synthetic
2024-06-02,94.3413776478,synthetic
2024-06-03,124.1957921339,synthetic
2024-06-04,137.4335232795,synthetic
2024-06-05,141.4281380089,synthetic
2024-06-06,124.9813522790,synthetic
2024-06-07,112.8066338976,synthetic
2024-06-08,109.4468995611,synthetic
2024-06-09,108.5437231848,synthetic
2024-06-10,114.7227741953,synthetic
2024-06-11,128.1101129285,synthetic
2024-06-12,126.7847781064,synthetic
2024-06-13,112.2021372802,synthetic
2024-06-14,109.2948522788,synthetic
2024-06-15,93.8244202695,synthetic
2024-06-16,103.3621347858,synthetic
2024-06-17,113.7049736151,synthetic
2024-06-18,134.9229706427,synthetic
2024-06-19,127.3628884540,synthetic
2024-06-20,114.1901611030,synthetic
2024-06-21,105.1151948596,synthetic
2024-06-22,101.9653549536,synthetic
2024-06-23,90.5797744297,synthetic
2024-06-24,105.8408183026,synthetic
2024-06-25,120.0872370743,synthetic
2024-06-26,125.5689799188,synthetic
2024-06-27,117.1518672703,synthetic
2024-06-28,103.9825489308,synthetic
2024-06-29,94.7035146657,synthetic
2024-06-30,87.3188877623,synthetic
2024-07-01,109.0484612952,synthetic
2024-07-02,117.3892352784,synthetic
2024-07-03,120.7564586909,synthetic
2024-07-04,111.7476228324,synthetic
2024-07-05,99.4395889611,synthetic
2024-07-06,83.6213079605,synthetic
2024-07-07,87.9301270893,synthetic
2024-07-08,100.0683456060,synthetic
2024-07-09,117.6752671261,synthetic
2024-07-10,122.9808991168,synthetic
2024-07-11,103.8256387640,synthetic
2024-07-12,95.8315421600,synthetic
2024-07-13,82.1119039935,synthetic
2024-07-14,88.8703566322,synthetic
2024-07-15,103.4414168861,synthetic
2024-07-16,111.7720270912,synthetic
2024-07-17,108.6251734176,synthetic
2024-07-18,114.9311083401,synthetic
2024-07-19,89.7972032664,synthetic
2024-07-20,89.4258895571,synthetic
2024-07-21,84.6492183890,synthetic
2024-07-22,94.7373927987,synthetic
2024-07-23,116.6333899961,synthetic
2024-07-24,112.9012596218,synthetic
2024-07-25,106.1937598077,synthetic
2024-07-26,91.7426791075,synthetic
2024-07-27,84.8326993490,synthetic
2024-07-28,84.8119612006,synthetic
2024-07-29,95.6620686988,synthetic
2024-07-30,108.1702081331,synthetic
2024-07-31,113.0008008016,synthetic
2024-08-01,96.1340976659,synthetic
2024-08-02,94.1538622542,synthetic
2024-08-03,69.5073630685,synthetic
2024-08-04,86.8044504779,synthetic
2024-08-05,101.8852764644,synthetic
2024-08-06,109.0024892174,synthetic
2024-08-07,104.5798369876,synthetic
2024-08-08,104.5820703711,synthetic
2024-08-09,88.5608369223,synthetic
2024-08-10,70.8791423755,synthetic
2024-08-11,73.4370318364,synthetic
2024-08-12,95.0335869000,synthetic
2024-08-13,106.8093741214,synthetic
2024-08-14,119.1979664060,synthetic
2024-08-15,98.0139662260,synthetic
2024-08-16,89.2527123613,synthetic
2024-08-17,87.7566375591,synthetic
2024-08-18,75.9713725754,synthetic
2024-08-19,94.1243265279,synthetic
2024-08-20,103.7453587290,synthetic
2024-08-21,102.3957964565,synthetic
2024-08-22,94.2999328388,synthetic
2024-08-23,86.0868707826,synthetic
2024-08-24,68.8807701737,synthetic
2024-08-25,64.4550246784,synthetic
2024-08-26,95.0048348625,synthetic
2024-08-27,101.8601934779,synthetic
2024-08-28,110.7675155316,synthetic
2024-08-29,89.4388721151,synthetic
2024-08-30,79.1336100852,synthetic
2024-08-31,73.1958524960,synthetic
2024-09-01,76.0137637504,synthetic
2024-09-02,88.0781505449,synthetic
2024-09-03,94.3893100798,synthetic
2024-09-04,109.5963067449,synthetic
2024-09-05,95.2508439923,synthetic
2024-09-06,69.0468719678,synthetic
2024-09-07,68.3441852680,synthetic
2024-09-08,73.4479782073,synthetic
2024-09-09,81.4290053046,synthetic
2024-09-10,95.4844557808,synthetic
2024-09-11,103.8313716247,synthetic
2024-09-12,97.0223917854,synthetic
2024-09-13,73.3309534090,synthetic
2024-09-14,66.2975215851,synthetic
2024-09-15,76.7190390392,synthetic
2024-09-16,83.8829766860,synthetic
2024-09-17,103.8552714279,synthetic
2024-09-18,108.3452347851,synthetic
2024-09-19,84.6565718903,synthetic
2024-09-20,75.8511027829,synthetic
2024-09-21,62.4328560925,synthetic
2024-09-22,66.7505943777,synthetic
2024-09-23,89.4716311940,synthetic
2024-09-24,96.3489629793,synthetic
2024-09-25,103.4322102902,synthetic
2024-09-26,99.2430500135,synthetic
2024-09-27,66.9792177025,synthetic
2024-09-28,69.6006689287,synthetic
2024-09-29,72.4799674781,synthetic
2024-09-30,91.9021130094,synthetic
2024-10-01,97.3065449204,synthetic
2024-10-02,108.9564848060,synthetic
2024-10-03,96.6016592993,synthetic
2024-10-04,84.1742315132,synthetic
2024-10-05,67.9805150204,synthetic
2024-10-06,73.6518301513,synthetic
2024-10-07,79.6340185168,synthetic
2024-10-08,112.1645974638,synthetic
2024-10-09,101.3274768379,synthetic
2024-10-10,94.6558336880,synthetic
2024-10-11,84.2978455674,synthetic
2024-10-12,67.0757974811,synthetic
2024-10-13,80.2581104990,synthetic
2024-10-14,86.3353956078,synthetic
2024-10-15,101.0733705612,synthetic
2024-10-16,103.5754334133,synthetic
2024-10-17,95.5892621890,synthetic
2024-10-18,84.2739038192,synthetic
2024-10-19,62.7498217176,synthetic
2024-10-20,71.8550389207,synthetic
2024-10-21,89.7940383486,synthetic
2024-10-22,96.3803392018,synthetic
2024-10-23,112.6384065960,synthetic
2024-10-24,97.4734181811,synthetic
2024-10-25,76.6980345194,synthetic
2024-10-26,74.8092064700,synthetic
2024-10-27,76.8303280372,synthetic
2024-10-28,88.2432471627,synthetic
2024-10-29,107.6947840865,synthetic
2024-10-30,115.9223348301,synthetic
2024-10-31,91.5238886919,synthetic
2024-11-01,83.7305552958,synthetic
2024-11-02,68.6284027057,synthetic
2024-11-03,87.8409784047,synthetic
2024-11-04,82.6592884774,synthetic
2024-11-05,108.1624470269,synthetic
2024-11-06,115.3845823567,synthetic
2024-11-07,101.2327145278,synthetic
2024-11-08,85.7517672628,synthetic
2024-11-09,72.0713209272,synthetic
2024-11-10,76.9924412307,synthetic
2024-11-11,97.6541956157,synthetic
2024-11-12,105.1404151415,synthetic
2024-11-13,122.5719412602,synthetic
2024-11-14,105.7385114040,synthetic
2024-11-15,83.8487808296,synthetic
2024-11-16,81.7858103759,synthetic
2024-11-17,79.0252954332,synthetic
2024-11-18,89.6325420372,synthetic
2024-11-19,105.8503717316,synthetic
2024-11-20,118.1819918845,synthetic
2024-11-21,103.6165101000,synthetic
2024-11-22,97.1254282361,synthetic
2024-11-23,85.5212256583,synthetic
2024-11-24,83.9408715051,synthetic
2024-11-25,94.1161347180,synthetic
2024-11-26,110.5710934536,synthetic
2024-11-27,122.0271663620,synthetic
2024-11-28,111.5046977016,synthetic
2024-11-29,94.9845996233,synthetic
2024-11-30,84.2431484589,synthetic
2024-12-01,87.8781295847,synthetic
2024-12-02,104.7300234455,synthetic
2024-12-03,120.8280206665,synthetic
2024-12-04,114.6608104843,synthetic
2024-12-05,110.1807406874,synthetic
2024-12-06,109.4433739484,synthetic
2024-12-07,82.0137299457,synthetic
2024-12-08,82.3395256823,synthetic
2024-12-09,105.8964435043,synthetic
2024-12-10,117.2602933361,synthetic
2024-12-11,130.2802134114,synthetic
2024-12-12,124.6085615452,synthetic
2024-12-13,106.1063165438,synthetic
2024-12-14,86.8781890675,synthetic
2024-12-15,101.0843864723,synthetic
2024-12-16,106.8525335359,synthetic
2024-12-17,117.0463887136,synthetic
2024-12-18,118.7135171804,synthetic
2024-12-19,119.4544040770,synthetic
2024-12-20,96.6726735315,synthetic
2024-12-21,92.5980443495,synthetic
2024-12-22,97.2583604504,synthetic
2024-12-23,110.5556850407,synthetic
2024-12-24,123.8483311594,synthetic
2024-12-25,127.6882156870,synthetic
2024-12-26,120.7173335803,synthetic
2024-12-27,104.7162679127,synthetic
2024-12-28,90.6521083100,synthetic
2024-12-29,94.0059173359,synthetic
2024-12-30,118.2398786450,synthetic
2024-12-31,119.6313821196,synthetic
2025-01-01,136.9282108467,synthetic
2025-01-02,121.6973540397,synthetic
2025-01-03,109.5544871290,synthetic
2025-01-04,102.5175349221,synthetic
2025-01-05,112.6652472911,synthetic
2025-01-06,106.6786537025,synthetic
2025-01-07,134.8673546788,synthetic
2025-01-08,132.2511513331,synthetic
2025-01-09,129.0585973672,synthetic
2025-01-10,111.0252284657,synthetic
2025-01-11,98.7464551413,synthetic
2025-01-12,108.6467875435,synthetic
2025-01-13,120.4874530569,synthetic
2025-01-14,135.4733184452,synthetic
2025-01-15,137.9620931266,synthetic
2025-01-16,128.3168643702,synthetic
2025-01-17,111.9660150524,synthetic
2025-01-18,103.6537226720,synthetic
2025-01-19,110.1650971032,synthetic
2025-01-20,128.1601110476,synthetic
2025-01-21,137.2200089408,synthetic
2025-01-22,153.8026415306,synthetic
2025-01-23,137.2268561505,synthetic
2025-01-24,115.2844374684,synthetic
2025-01-25,107.7630907030,synthetic
2025-01-26,104.5047271029,synthetic
2025-01-27,125.4177852049,synthetic
2025-01-28,145.1107368222,synthetic
2025-01-29,149.8936667144,synthetic
2025-01-30,137.9307049283,synthetic
2025-01-31,130.0654098623,synthetic
2025-02-01,113.2956778911,synthetic
2025-02-02,114.8598091244,synthetic
2025-02-03,122.9337722351,synthetic
2025-02-04,147.3285402473,synthetic
2025-02-05,152.5484994420,synthetic
2025-02-06,152.6509992664,synthetic
2025-02-07,135.6701691217,synthetic
2025-02-08,122.2442282343,synthetic
2025-02-09,114.2178024880,synthetic
2025-02-10,121.9163593549,synthetic
2025-02-11,147.4773736426,synthetic
2025-02-12,150.2261555800,synthetic
2025-02-13,137.9210949563,synthetic
2025-02-14,125.4900334621,synthetic
2025-02-15,115.4445565184,synthetic
2025-02-16,109.9414002757,synthetic
2025-02-17,141.6300304250,synthetic
2025-02-18,152.3743969333,synthetic
2025-02-19,150.2265350196,synthetic
2025-02-20,145.1175456225,synthetic
2025-02-21,130.2597426470,synthetic
2025-02-22,116.1452523132,synthetic
2025-02-23,118.2833331594,synthetic
2025-02-24,134.6733337903,synthetic
2025-02-25,157.0206818080,synthetic
2025-02-26,157.7000954540,synthetic
2025-02-27,149.5251054809,synthetic
2025-02-28,137.0775366235,synthetic
2025-03-01,118.9720103186,synthetic
2025-03-02,120.5865086623,synthetic
2025-03-03,143.2056397541,synthetic
2025-03-04,158.4110038719,synthetic
2025-03-05,160.3161556308,synthetic
2025-03-06,140.3933053265,synthetic
2025-03-07,123.8810613361,synthetic
2025-03-08,117.2284554013,synthetic
2025-03-09,118.4409917572,synthetic
2025-03-10,143.6895487370,synthetic
2025-03-11,162.1892916673,synthetic
2025-03-12,149.9360455208,synthetic
2025-03-13,153.0862060710,synthetic
2025-03-14,132.4299916040,synthetic
2025-03-15,125.7390486791,synthetic
2025-03-16,131.3769872755,synthetic
2025-03-17,145.4090122856,synthetic
2025-03-18,164.5638279905,synthetic
2025-03-19,160.7998251807,synthetic
2025-03-20,151.7534357355,synthetic
2025-03-21,131.5464934248,synthetic
2025-03-22,126.8279135444,synthetic
2025-03-23,129.9027932931,synthetic
2025-03-24,145.7954977020,synthetic
2025-03-25,156.5343444784,synthetic
2025-03-26,152.5752831294,synthetic
2025-03-27,153.5102015897,synthetic
2025-03-28,140.6292615603,synthetic
2025-03-29,133.9871180941,synthetic
2025-03-30,122.8133986303,synthetic
2025-03-31,143.4259153026,synthetic
2025-04-01,150.8499233115,synthetic
2025-04-02,157.3538322339,synthetic
2025-04-03,149.9572065787,synthetic
2025-04-04,130.0022113976,synthetic
2025-04-05,123.8084340776,synthetic
2025-04-06,126.3323997509,synthetic
2025-04-07,136.6801002549,synthetic
2025-04-08,156.0071582109,synthetic
2025-04-09,165.4877527157,synthetic
2025-04-10,144.6003811749,synthetic
2025-04-11,129.7366914930,synthetic
2025-04-12,121.2134180164,synthetic
2025-04-13,138.3517485213,synthetic
2025-04-14,140.4555531262,synthetic
2025-04-15,162.3846480892,synthetic
2025-04-16,163.8076297821,synthetic
2025-04-17,150.4609138517,synthetic
2025-04-18,135.6190545990,synthetic
2025-04-19,116.7995594860,synthetic
2025-04-20,130.0679343843,synthetic
2025-04-21,137.4167390159,synthetic
2025-04-22,158.0461169427,synthetic
2025-04-23,161.7770182824,synthetic
2025-04-24,146.8273521261,synthetic
2025-04-25,137.2980292639,synthetic
2025-04-26,126.2853848744,synthetic
2025-04-27,127.2911810339,synthetic
2025-04-28,145.8405031607,synthetic
2025-04-29,161.9104564869,synthetic
2025-04-30,155.6654691617,synthetic
2025-05-01,150.7204846191,synthetic
2025-05-02,135.8274043496,synthetic
2025-05-03,123.3961113730,synthetic
2025-05-04,127.4988106542,synthetic
2025-05-05,142.3796690514,synthetic
2025-05-06,158.0822604139,synthetic
2025-05-07,155.4799131557,synthetic
2025-05-08,145.0769811168,synthetic
2025-05-09,137.3798911365,synthetic
2025-05-10,117.3972643953,synthetic
2025-05-11,122.2761316651,synthetic
2025-05-12,139.8974713887,synthetic
2025-05-13,149.5980241339,synthetic
2025-05-14,148.9341162486,synthetic
2025-05-15,148.3625019948,synthetic
2025-05-16,139.9466904603,synthetic
2025-05-17,116.8317137932,synthetic
2025-05-18,123.2749587664,synthetic
2025-05-19,132.7764306924,synthetic
2025-05-20,153.4230256658,synthetic
2025-05-21,168.8056034650,synthetic
2025-05-22,137.6220743158,synthetic
2025-05-23,129.3808013011,synthetic
2025-05-24,113.1455261621,synthetic
2025-05-25,119.5182425618,synthetic
2025-05-26,140.8777853455,synthetic
2025-05-27,137.0999250146,synthetic
2025-05-28,139.4450669823,synthetic
2025-05-29,129.4771695843,synthetic
2025-05-30,129.2460459594,synthetic
2025-05-31,114.3958640567,synthetic
2025-06-01,130.6877675412,synthetic
2025-06-02,129.1406694374,synthetic
2025-06-03,145.4528756319,synthetic
2025-06-04,157.2049156031,synthetic
2025-06-05,134.7457914615,synthetic
2025-06-06,122.5972615700,synthetic
2025-06-07,114.2927358250,synthetic
2025-06-08,116.0200560479,synthetic
2025-06-09,119.1146932299,synthetic
2025-06-10,145.7410091556,synthetic
2025-06-11,149.8885928990,synthetic
2025-06-12,141.7244378379,synthetic
2025-06-13,116.3099310201,synthetic
2025-06-14,120.2917137954,synthetic
2025-06-15,118.1072570379,synthetic
2025-06-16,117.5490837425,synthetic
2025-06-17,145.7477720977,synthetic
2025-06-18,144.4216444719,synthetic
2025-06-19,142.6521399805,synthetic
2025-06-20,122.1913645963,synthetic
2025-06-21,102.0743100127,synthetic
2025-06-22,124.0166507406,synthetic
2025-06-23,124.8801329878,synthetic
2025-06-24,136.5564896940,synthetic
2025-06-25,139.1102595065,synthetic
2025-06-26,134.1998391712,synthetic
2025-06-27,121.6574770625,synthetic
2025-06-28,107.1045727940,synthetic
2025-06-29,109.7723758507,synthetic
2025-06-30,118.1054965852,synthetic
2025-07-01,141.3204641521,synthetic
2025-07-02,135.7780355445,synthetic
2025-07-03,131.2511589427,synthetic
2025-07-04,115.8853521646,synthetic
2025-07-05,105.4542585242,synthetic
2025-07-06,115.6707449513,synthetic
2025-07-07,125.6935778679,synthetic
2025-07-08,132.4717929436,synthetic
2025-07-09,131.3757121767,synthetic
2025-07-10,132.6824987003,synthetic
2025-07-11,108.6302582352,synthetic
2025-07-12,95.5516152911,synthetic
2025-07-13,110.1168142729,synthetic
2025-07-14,119.0009001954,synthetic
2025-07-15,123.4124935448,synthetic
2025-07-16,139.7252791723,synthetic
2025-07-17,125.5288502917,synthetic
2025-07-18,108.1640942035,synthetic
2025-07-19,102.7622202734,synthetic
2025-07-20,94.7710950041,synthetic
2025-07-21,117.9774634524,synthetic
2025-07-22,131.4509089042,synthetic
2025-07-23,130.4540388398,synthetic
2025-07-24,121.5259183440,synthetic
2025-07-25,111.2973847014,synthetic
2025-07-26,95.6090434392,synthetic
2025-07-27,95.1725260408,synthetic
2025-07-28,112.8268942747,synthetic
2025-07-29,121.7059550692,synthetic
2025-07-30,125.5766557121,synthetic
2025-07-31,120.8540279311,synthetic
2025-08-01,96.1770450149,synthetic
2025-08-02,92.0308320477,synthetic
2025-08-03,87.9084018441,synthetic
2025-08-04,101.1877180080,synthetic
2025-08-05,108.4591605285,synthetic
2025-08-06,124.8429246555,synthetic
2025-08-07,121.8605397631,synthetic
2025-08-08,101.1474048185,synthetic
2025-08-09,88.5253148614,synthetic
2025-08-10,97.9713455375,synthetic
2025-08-11,117.0343329895,synthetic
2025-08-12,123.7671215291,synthetic
2025-08-13,123.7430807999,synthetic
2025-08-14,117.5702354918,synthetic
2025-08-15,104.7179661271,synthetic
2025-08-16,84.6448558609,synthetic
2025-08-17,92.3072905742,synthetic
2025-08-18,110.0398871858,synthetic
2025-08-19,125.7914832860,synthetic
2025-08-20,121.4229643354,synthetic
2025-08-21,113.8613722815,synthetic
2025-08-22,106.2147577921,synthetic
2025-08-23,93.2398126057,synthetic
2025-08-24,94.4028550684,synthetic
2025-08-25,108.2691102397,synthetic
2025-08-26,120.4069445693,synthetic
2025-08-27,126.5415247795,synthetic
2025-08-28,122.7636002943,synthetic
2025-08-29,90.3420142719,synthetic
2025-08-30,86.5866070247,synthetic
2025-08-31,89.6126390355,synthetic
2025-09-01,112.2151928113,synthetic
2025-09-02,115.4549684008,synthetic
2025-09-03,121.8042610633,synthetic
2025-09-04,114.4508370198,synthetic
2025-09-05,97.9878606426,synthetic
2025-09-06,79.2326775771,synthetic
2025-09-07,85.0490629392,synthetic
2025-09-08,93.8501874615,synthetic
2025-09-09,114.3260176122,synthetic
2025-09-10,116.6833742145,synthetic
2025-09-11,112.1741162881,synthetic
2025-09-12,93.1268371787,synthetic
2025-09-13,82.9258738345,synthetic
2025-09-14,83.4423550451,synthetic
2025-09-15,98.0031689167,synthetic
2025-09-16,107.8209469095,synthetic
2025-09-17,122.8258412491,synthetic
2025-09-18,103.3193386935,synthetic
2025-09-19,90.1542175292,synthetic
2025-09-20,83.3864450612,synthetic
2025-09-21,92.2354221931,synthetic
2025-09-22,94.9216583679,synthetic
2025-09-23,102.5524743277,synthetic
2025-09-24,115.2586141458,synthetic
2025-09-25,106.1079789162,synthetic
2025-09-26,92.5127346798,synthetic
2025-09-27,84.9178754260,synthetic
2025-09-28,84.8932257038,synthetic
2025-09-29,99.3204275200,synthetic
2025-09-30,118.1645740454,synthetic
2025-10-01,109.3879847010,synthetic
2025-10-02,114.4347229927,synthetic
2025-10-03,92.4023672531,synthetic
2025-10-04,81.4720171968,synthetic
2025-10-05,83.8305087259,synthetic
2025-10-06,106.4257094612,synthetic
2025-10-07,108.4066750573,synthetic
2025-10-08,115.6352288540,synthetic
2025-10-09,111.5987974672,synthetic
2025-10-10,85.5883295913,synthetic
2025-10-11,88.6749336453,synthetic
2025-10-12,83.2356948228,synthetic
2025-10-13,105.8494117717,synthetic
2025-10-14,121.3917999492,synthetic
2025-10-15,119.6704050128,synthetic
2025-10-16,108.5529318371,synthetic
2025-10-17,94.2083069437,synthetic
2025-10-18,87.4655437808,synthetic
2025-10-19,93.0297007255,synthetic
2025-10-20,102.5100260439,synthetic
2025-10-21,112.4136905644,synthetic
2025-10-22,124.6819960460,synthetic
2025-10-23,114.8701598718,synthetic
2025-10-24,96.9935834689,synthetic
2025-10-25,83.9475429092,synthetic
2025-10-26,94.7010322375,synthetic
2025-10-27,97.0254629902,synthetic
2025-10-28,128.7495354730,synthetic
2025-10-29,116.3339471680,synthetic
2025-10-30,110.3990704506,synthetic
2025-10-31,93.5192235959,synthetic
2025-11-01,93.6787814212,synthetic
2025-11-02,88.2360415032,synthetic
2025-11-03,105.9545255841,synthetic
2025-11-04,119.7326428272,synthetic
2025-11-05,122.2473879640,synthetic
2025-11-06,111.0550970756,synthetic
2025-11-07,102.9039837990,synthetic
2025-11-08,85.6239730153,synthetic
2025-11-09,88.7840059698,synthetic
2025-11-10,105.4360307607,synthetic
2025-11-11,130.1261804302,synthetic
2025-11-12,120.2341328764,synthetic
2025-11-13,116.4643974318,synthetic
2025-11-14,91.6439905210,synthetic
2025-11-15,98.2022208221,synthetic
2025-11-16,100.9062127562,synthetic
2025-11-17,106.0532506090,synthetic
2025-11-18,116.1333607552,synthetic
2025-11-19,131.4291834004,synthetic
2025-11-20,117.2375226637,synthetic
2025-11-21,104.4585069656,synthetic
2025-11-22,101.0512216839,synthetic
2025-11-23,106.7080803311,synthetic
2025-11-24,104.8566719454,synthetic
2025-11-25,141.7294464397,synthetic
2025-11-26,130.7468418113,synthetic
2025-11-27,128.4356754052,synthetic
2025-11-28,106.0560514778,synthetic
2025-11-29,87.0788274448,synthetic
2025-11-30,103.1407052120,synthetic
2025-12-01,113.8373914368,synthetic
2025-12-02,128.6959921408,synthetic
2025-12-03,124.9544385883,synthetic
2025-12-04,123.0392046882,synthetic
2025-12-05,112.0375299996,synthetic
2025-12-06,94.7981017475,synthetic
2025-12-07,97.1541570139,synthetic
2025-12-08,116.0552552441,synthetic
2025-12-09,124.9869441925,synthetic
2025-12-10,133.9851285280,synthetic
2025-12-11,129.1625511456,synthetic
2025-12-12,102.4427018659,synthetic
2025-12-13,97.2419952584,synthetic
2025-12-14,114.2274385444,synthetic
2025-12-15,124.6821661264,synthetic
2025-12-16,137.1927210045,synthetic
2025-12-17,136.9806933036,synthetic
2025-12-18,137.8994379973,synthetic
2025-12-19,119.7019547049,synthetic
2025-12-20,108.3331542232,synthetic
2025-12-21,108.8625518294,synthetic
2025-12-22,120.5254118304,synthetic
2025-12-23,139.3049085557,synthetic
2025-12-24,143.8801042890,synthetic
2025-12-25,126.2461868417,synthetic
2025-12-26,107.3164425454,synthetic
2025-12-27,118.4815108613,synthetic
2025-12-28,115.7158276032,synthetic
2025-12-29,127.5141535018,synthetic
2025-12-30,135.9980120378,synthetic
